ANO,MES,DIA,ID,CT0,GAP0,R
2016,1,3,1,42975.0,-1.0,-1
2016,1,4,2,42735.0,1.0,0
2016,1,5,3,42195.0,-1.0,-1
2016,1,6,4,41410.0,-1.0,0
2016,1,7,5,41315.0,1.0,-1
2016,1,10,6,41165.0,1.0,0
2016,1,11,7,40645.0,-1.0,0
2016,1,12,8,40375.0,1.0,1
2016,1,13,9,39250.0,-1.0,-1
2016,1,14,10,39075.0,1.0,0
2016,1,17,11,39010.0,-1.0,0
2016,1,18,12,39225.0,1.0,0
2016,1,19,13,37710.0,-1.0,0
2016,1,20,14,37690.0,-1.0,-1
2016,1,21,15,38505.0,1.0,0
2016,1,25,16,37680.0,1.0,0
2016,1,26,17,37490.0,-1.0,-1
2016,1,27,18,38920.0,1.0,-1
2016,1,28,19,39105.0,-1.0,-1
2016,2,0,20,40370.0,-1.0,0
2016,2,1,21,39785.0,1.0,-1
2016,2,2,22,39195.0,1.0,-1
2016,2,3,23,40420.0,-1.0,-1
2016,2,4,24,40865.0,-1.0,-1
2016,2,10,25,39695.0,-1.0,0
2016,2,11,26,39800.0,1.0,0
2016,2,14,27,40665.0,1.0,0
2016,2,15,28,40150.0,1.0,-1
2016,2,16,29,41990.0,1.0,-1
2016,2,17,30,42025.0,-1.0,-1
2016,2,18,31,41790.0,-1.0,-1
2016,2,21,32,43320.0,-1.0,-1
2016,2,22,33,43775.0,1.0,-1
2016,2,23,34,42270.0,-1.0,0
2016,2,24,35,42245.0,1.0,-1
2016,2,25,36,43005.0,-1.0,1
2016,2,28,37,42520.0,1.0,-1
2016,3,0,38,43940.0,-1.0,-1
2016,3,1,39,44830.0,1.0,-1
2016,3,2,40,46005.0,1.0,-1
2016,3,3,41,49960.0,-1.0,-1
2016,3,6,42,50275.0,-1.0,1
2016,3,7,43,49575.0,1.0,-1
2016,3,8,44,50370.0,-1.0,1
2016,3,9,45,50135.0,1.0,1
2016,3,10,46,50120.0,-1.0,-1
2016,3,13,47,50280.0,-1.0,-1
2016,3,14,48,47890.0,-1.0,-1
2016,3,15,49,47035.0,-1.0,-1
2016,3,16,50,50820.0,-1.0,-1
2016,3,17,51,51710.0,1.0,1
2016,3,20,52,51360.0,-1.0,-1
2016,3,21,53,51315.0,1.0,-1
2016,3,22,54,50820.0,-1.0,1
2016,3,23,55,49045.0,1.0,-1
2016,3,27,56,51065.0,1.0,-1
2016,3,28,57,51290.0,1.0,-1
2016,3,29,58,51930.0,-1.0,-1
2016,3,30,59,50890.0,-1.0,1
2016,4,0,60,49545.0,-1.0,-1
2016,4,3,61,50050.0,-1.0,1
2016,4,4,62,48270.0,-1.0,-1
2016,4,5,63,48400.0,-1.0,-1
2016,4,6,64,48910.0,1.0,0
2016,4,7,65,50050.0,1.0,-1
2016,4,10,66,50980.0,1.0,0
2016,4,11,67,50770.0,1.0,-1
2016,4,12,68,54520.0,-1.0,-1
2016,4,13,69,54455.0,-1.0,-1
2016,4,14,70,53880.0,1.0,-1
2016,4,17,71,54510.0,-1.0,1
2016,4,18,72,54365.0,-1.0,-1
2016,4,19,73,54325.0,-1.0,-1
2016,4,21,74,53440.0,-1.0,-1
2016,4,24,75,53525.0,1.0,0
2016,4,25,76,53060.0,1.0,-1
2016,4,26,77,54330.0,1.0,-1
2016,4,27,78,55420.0,-1.0,-1
2016,4,28,79,55385.0,1.0,1
2016,5,1,80,54740.0,1.0,0
2016,5,2,81,53570.0,-1.0,0
2016,5,3,82,52570.0,-1.0,-1
2016,5,4,83,53740.0,1.0,1
2016,5,5,84,51850.0,-1.0,-1
2016,5,8,85,51925.0,-1.0,1
2016,5,9,86,52435.0,1.0,-1
2016,5,10,87,54675.0,-1.0,1
2016,5,11,88,53960.0,-1.0,-1
2016,5,12,89,53630.0,1.0,1
2016,5,15,90,51935.0,-1.0,-1
2016,5,16,91,52480.0,-1.0,1
2016,5,17,92,50645.0,1.0,-1
2016,5,18,93,50395.0,1.0,-1
2016,5,19,94,50980.0,1.0,-1
2016,5,22,95,49040.0,-1.0,-1
2016,5,23,96,50090.0,1.0,-1
2016,5,24,97,49985.0,1.0,-1
2016,5,26,98,49790.0,1.0,-1
2016,5,29,99,49395.0,-1.0,0
2016,5,30,100,49005.0,-1.0,-1
2016,6,0,101,48505.0,1.0,-1
2016,6,1,102,49335.0,1.0,-1
2016,6,2,103,50510.0,1.0,-1
2016,6,5,104,51070.0,1.0,0
2016,6,6,105,50085.0,-1.0,-1
2016,6,7,106,50825.0,1.0,-1
2016,6,8,107,51510.0,1.0,0
2016,6,9,108,50590.0,-1.0,1
2016,6,12,109,48915.0,-1.0,-1
2016,6,13,110,49490.0,-1.0,-1
2016,6,14,111,49725.0,1.0,-1
2016,6,15,112,49420.0,-1.0,-1
2016,6,16,113,50925.0,-1.0,-1
2016,6,19,114,51380.0,1.0,-1
2016,6,20,115,51070.0,-1.0,-1
2016,6,21,116,51890.0,1.0,-1
2016,6,22,117,51625.0,-1.0,-1
2016,6,23,118,50540.0,1.0,-1
2016,6,26,119,50800.0,1.0,1
2016,6,27,120,50930.0,1.0,-1
2016,6,28,121,51590.0,1.0,-1
2016,6,29,122,51650.0,-1.0,-1
2016,7,0,123,52480.0,-1.0,-1
2016,7,3,124,53420.0,1.0,-1
2016,7,4,125,52800.0,1.0,0
2016,7,5,126,52115.0,-1.0,-1
2016,7,6,127,52835.0,1.0,-1
2016,7,7,128,53330.0,1.0,-1
2016,7,10,129,54190.0,1.0,-1
2016,7,11,130,55180.0,-1.0,-1
2016,7,12,131,54725.0,1.0,-1
2016,7,13,132,55930.0,-1.0,-1
2016,7,14,133,56025.0,-1.0,0
2016,7,17,134,55960.0,1.0,-1
2016,7,18,135,56825.0,-1.0,-1
2016,7,19,136,57400.0,1.0,0
2016,7,20,137,57030.0,-1.0,-1
2016,7,21,138,57205.0,-1.0,-1
2016,7,24,139,57500.0,1.0,0
2016,7,25,140,57295.0,1.0,-1
2016,7,26,141,57460.0,-1.0,-1
2016,7,27,142,57100.0,-1.0,0
2016,7,28,143,56900.0,-1.0,-1
2016,8,0,144,57830.0,-1.0,0
2016,8,1,145,56780.0,-1.0,-1
2016,8,2,146,56165.0,1.0,-1
2016,8,3,147,57535.0,1.0,-1
2016,8,4,148,58085.0,-1.0,0
2016,8,7,149,57715.0,-1.0,-1
2016,8,8,150,57940.0,1.0,-1
2016,8,9,151,58035.0,1.0,1
2016,8,10,152,57095.0,1.0,-1
2016,8,11,153,58295.0,-1.0,-1
2016,8,14,154,58535.0,1.0,-1
2016,8,15,155,58830.0,1.0,-1
2016,8,16,156,59720.0,-1.0,-1
2016,8,17,157,60285.0,1.0,0
2016,8,18,158,59945.0,-1.0,-1
2016,8,21,159,59920.0,-1.0,1
2016,8,22,160,59115.0,1.0,-1
2016,8,23,161,58470.0,1.0,-1
2016,8,24,162,58890.0,1.0,0
2016,8,25,163,58895.0,-1.0,-1
2016,8,28,164,58645.0,1.0,-1
2016,8,29,165,59650.0,1.0,0
2016,8,30,166,59540.0,1.0,1
2016,9,0,167,58720.0,1.0,-1
2016,9,1,168,59370.0,1.0,-1
2016,9,4,169,60610.0,1.0,0
2016,9,5,170,60495.0,-1.0,0
2016,9,7,171,60610.0,-1.0,-1
2016,9,8,172,59985.0,-1.0,1
2016,9,11,173,58190.0,1.0,-1
2016,9,12,174,58465.0,1.0,1
2016,9,13,175,57490.0,1.0,-1
2016,9,14,176,57915.0,-1.0,-1
2016,9,15,177,58115.0,-1.0,0
2016,9,18,178,58105.0,1.0,-1
2016,9,19,179,58245.0,1.0,0
2016,9,20,180,58415.0,1.0,-1
2016,9,21,181,59450.0,-1.0,-1
2016,9,22,182,59585.0,1.0,0
2016,9,25,183,58570.0,-1.0,0
2016,9,26,184,58575.0,1.0,0
2016,9,27,185,58925.0,1.0,-1
2016,9,28,186,59735.0,1.0,1
2016,9,29,187,58840.0,-1.0,-1
2016,10,2,188,58585.0,1.0,-1
2016,10,3,189,59555.0,-1.0,0
2016,10,4,190,59790.0,1.0,-1
2016,10,5,191,60335.0,-1.0,-1
2016,10,6,192,61035.0,-1.0,-1
2016,10,9,193,61590.0,-1.0,0
2016,10,10,194,61540.0,-1.0,0
2016,10,12,195,61870.0,-1.0,-1
2016,10,13,196,62890.0,1.0,-1
2016,10,16,197,63060.0,1.0,-1
2016,10,17,198,64120.0,1.0,-1
2016,10,18,199,64970.0,-1.0,-1
2016,10,19,200,64130.0,-1.0,-1
2016,10,20,201,64765.0,1.0,-1
2016,10,23,202,65530.0,1.0,-1
2016,10,24,203,65155.0,1.0,0
2016,10,25,204,64460.0,-1.0,-1
2016,10,26,205,64845.0,-1.0,-1
2016,10,27,206,64960.0,-1.0,-1
2016,10,30,207,65535.0,-1.0,-1
2016,11,0,208,66140.0,1.0,1
2016,11,2,209,63835.0,-1.0,-1
2016,11,3,210,62480.0,1.0,-1
2016,11,6,211,63650.0,1.0,-1
2016,11,7,212,64770.0,1.0,-1
2016,11,8,213,62310.0,1.0,-1
2016,11,9,214,64440.0,-1.0,1
2016,11,10,215,60825.0,-1.0,-1
2016,11,13,216,59300.0,-1.0,-1
2016,11,15,217,60805.0,-1.0,-1
2016,11,16,218,61940.0,1.0,1
2016,11,17,219,60110.0,-1.0,-1
2016,11,20,220,60965.0,-1.0,-1
2016,11,21,221,62540.0,-1.0,-1
2016,11,22,222,62160.0,-1.0,-1
2016,11,23,223,62490.0,1.0,0
2016,11,24,224,60905.0,-1.0,-1
2016,11,27,225,62060.0,-1.0,-1
2016,11,28,226,62665.0,1.0,0
2016,11,29,227,62295.0,1.0,-1
2016,12,0,228,61450.0,-1.0,1
2016,12,1,229,58735.0,1.0,-1
2016,12,4,230,60750.0,1.0,0
2016,12,5,231,59670.0,-1.0,-1
2016,12,6,232,61930.0,-1.0,0
2016,12,7,233,62065.0,1.0,1
2016,12,8,234,61200.0,1.0,0
2016,12,11,235,59800.0,1.0,-1
2016,12,12,236,58830.0,1.0,-1
2016,12,13,237,60450.0,1.0,0
2016,12,14,238,59165.0,-1.0,-1
2016,12,15,239,59840.0,1.0,-1
2016,12,18,240,59480.0,-1.0,1
2016,12,19,241,58590.0,-1.0,-1
2016,12,20,242,58960.0,1.0,0
2016,12,21,243,58550.0,1.0,0
2016,12,22,244,58490.0,-1.0,-1
2016,12,25,245,59250.0,-1.0,-1
2016,12,26,246,60030.0,1.0,0
2016,12,27,247,59820.0,-1.0,-1
2016,12,28,248,60780.0,-1.0,0
2017,1,1,249,60405.0,1.0,-1
2017,1,2,250,60930.0,1.0,-1
2017,1,3,251,62395.0,1.0,-1
2017,1,4,252,62750.0,-1.0,-1
2017,1,5,253,62620.0,1.0,0
2017,1,8,254,62255.0,-1.0,-1
2017,1,9,255,63120.0,-1.0,0
2017,1,10,256,63295.0,-1.0,0
2017,1,11,257,65120.0,1.0,0
2017,1,12,258,64470.0,1.0,-1
2017,1,15,259,64350.0,-1.0,-1
2017,1,16,260,64205.0,1.0,-1
2017,1,17,261,65070.0,-1.0,0
2017,1,18,262,64840.0,-1.0,0
2017,1,19,263,64835.0,1.0,-1
2017,1,22,264,65135.0,1.0,-1
2017,1,23,265,66410.0,1.0,0
2017,1,25,266,66885.0,-1.0,0
2017,1,26,267,66495.0,1.0,0
2017,1,29,268,65955.0,1.0,1
2017,1,30,269,64745.0,-1.0,-1
2017,2,0,270,65605.0,-1.0,-1
2017,2,1,271,64610.0,1.0,-1
2017,2,2,272,64615.0,1.0,-1
2017,2,5,273,65425.0,1.0,0
2017,2,6,274,64825.0,1.0,0
2017,2,7,275,64560.0,-1.0,0
2017,2,8,276,65125.0,-1.0,-1
2017,2,9,277,65290.0,1.0,-1
2017,2,12,278,66650.0,1.0,-1
2017,2,13,279,67090.0,-1.0,0
2017,2,14,280,68290.0,1.0,-1
2017,2,15,281,68775.0,1.0,-1
2017,2,16,282,68555.0,-1.0,-1
2017,2,19,283,69300.0,1.0,-1
2017,2,20,284,69965.0,-1.0,0
2017,2,21,285,69725.0,-1.0,0
2017,2,22,286,70045.0,1.0,-1
2017,2,23,287,67365.0,1.0,-1
2017,3,1,288,67470.0,1.0,1
2017,3,2,289,66790.0,1.0,-1
2017,3,5,290,67280.0,-1.0,-1
2017,3,6,291,67145.0,1.0,0
2017,3,7,292,66450.0,1.0,1
2017,3,8,293,65005.0,-1.0,-1
2017,3,9,294,65730.0,-1.0,-1
2017,3,12,295,65820.0,-1.0,-1
2017,3,13,296,65715.0,1.0,-1
2017,3,14,297,65700.0,1.0,-1
2017,3,15,298,67040.0,1.0,1
2017,3,16,299,66545.0,1.0,1
2017,3,19,300,64310.0,1.0,-1
2017,3,20,301,65250.0,1.0,1
2017,3,21,302,63025.0,-1.0,-1
2017,3,22,303,63220.0,1.0,-1
2017,3,23,304,63775.0,-1.0,-1
2017,3,26,305,63730.0,1.0,-1
2017,3,27,306,64545.0,-1.0,-1
2017,3,28,307,64875.0,1.0,-1
2017,3,29,308,66010.0,1.0,0
2017,3,30,309,65235.0,-1.0,-1
2017,4,2,310,65230.0,1.0,-1
2017,4,3,311,65195.0,1.0,-1
2017,4,4,312,66250.0,1.0,1
2017,4,5,313,64665.0,1.0,-1
2017,4,6,314,64185.0,1.0,-1
2017,4,9,315,64825.0,1.0,0
2017,4,10,316,64780.0,1.0,1
2017,4,11,317,65250.0,-1.0,0
2017,4,12,318,64500.0,1.0,-1
2017,4,16,319,64165.0,-1.0,-1
2017,4,17,320,64930.0,1.0,-1
2017,4,18,321,65350.0,-1.0,1
2017,4,19,322,64700.0,1.0,-1
2017,4,23,323,65455.0,-1.0,0
2017,4,24,324,64955.0,1.0,-1
2017,4,25,325,65680.0,-1.0,-1
2017,4,26,326,66025.0,-1.0,0
2017,4,27,327,65460.0,-1.0,-1
2017,5,1,328,66415.0,-1.0,-1
2017,5,2,329,67400.0,-1.0,0
2017,5,3,330,66560.0,-1.0,1
2017,5,4,331,65595.0,-1.0,-1
2017,5,7,332,66160.0,1.0,-1
2017,5,8,333,66585.0,-1.0,-1
2017,5,9,334,67595.0,-1.0,-1
2017,5,10,335,67955.0,-1.0,-1
2017,5,11,336,68880.0,1.0,0
2017,5,14,337,69135.0,1.0,0
2017,5,15,338,69340.0,-1.0,0
2017,5,16,339,68815.0,-1.0,1
2017,5,17,340,61180.0,1.0,1
2017,5,18,341,62995.0,-1.0,-1
2017,5,21,342,61785.0,-1.0,-1
2017,5,22,343,62255.0,-1.0,-1
2017,5,23,344,63720.0,-1.0,-1
2017,5,24,345,63615.0,-1.0,-1
2017,5,25,346,63750.0,1.0,-1
2017,5,28,347,63900.0,-1.0,-1
2017,5,29,348,64010.0,1.0,-1
2017,5,30,349,64130.0,-1.0,1
2017,6,0,350,63150.0,1.0,-1
2017,6,1,351,62800.0,-1.0,0
2017,6,4,352,62100.0,1.0,-1
2017,6,5,353,62525.0,-1.0,-1
2017,6,6,354,63630.0,1.0,0
2017,6,7,355,62900.0,1.0,0
2017,6,8,356,62885.0,-1.0,-1
2017,6,11,357,62175.0,1.0,0
2017,6,12,358,61795.0,1.0,-1
2017,6,13,359,63140.0,-1.0,-1
2017,6,15,360,62530.0,-1.0,0
2017,6,18,361,62745.0,-1.0,-1
2017,6,19,362,62625.0,1.0,1
2017,6,20,363,61725.0,-1.0,-1
2017,6,21,364,61890.0,-1.0,-1
2017,6,22,365,62045.0,-1.0,0
2017,6,25,366,62500.0,-1.0,-1
2017,6,26,367,63110.0,-1.0,0
2017,6,27,368,62635.0,-1.0,0
2017,6,28,369,63160.0,-1.0,0
2017,6,29,370,63230.0,1.0,-1
2017,7,2,371,63910.0,1.0,0
2017,7,3,372,63755.0,-1.0,-1
2017,7,4,373,63960.0,-1.0,0
2017,7,5,374,63640.0,-1.0,0
2017,7,6,375,63425.0,1.0,0
2017,7,9,376,63165.0,-1.0,-1
2017,7,10,377,63585.0,1.0,-1
2017,7,11,378,64945.0,-1.0,-1
2017,7,12,379,65590.0,1.0,-1
2017,7,13,380,66085.0,-1.0,0
2017,7,16,381,65830.0,1.0,0
2017,7,17,382,65680.0,1.0,0
2017,7,18,383,65950.0,-1.0,0
2017,7,19,384,65825.0,-1.0,0
2017,7,20,385,65400.0,1.0,0
2017,7,23,386,65315.0,-1.0,0
2017,7,24,387,65825.0,-1.0,0
2017,7,25,388,66110.0,-1.0,0
2017,7,26,389,65735.0,1.0,0
2017,7,27,390,65330.0,-1.0,-1
2017,7,30,391,66185.0,1.0,0
2017,8,0,392,66340.0,-1.0,-1
2017,8,1,393,66565.0,-1.0,-1
2017,8,2,394,67230.0,1.0,0
2017,8,3,395,67190.0,1.0,0
2017,8,6,396,67220.0,1.0,-1
2017,8,7,397,67955.0,1.0,-1
2017,8,8,398,67530.0,1.0,-1
2017,8,9,399,67560.0,-1.0,0
2017,8,10,400,67000.0,-1.0,-1
2017,8,13,401,67485.0,-1.0,-1
2017,8,14,402,68610.0,-1.0,-1
2017,8,15,403,69690.0,-1.0,0
2017,8,16,404,69300.0,-1.0,0
2017,8,17,405,69230.0,-1.0,-1
2017,8,20,406,69805.0,1.0,0
2017,8,21,407,70495.0,-1.0,-1
2017,8,22,408,71060.0,-1.0,-1
2017,8,23,409,71505.0,1.0,-1
2017,8,24,410,72150.0,-1.0,0
2017,8,27,411,72050.0,-1.0,0
2017,8,28,412,71420.0,1.0,-1
2017,8,29,413,72080.0,1.0,0
2017,8,30,414,71905.0,1.0,0
2017,9,0,415,72065.0,-1.0,-1
2017,9,3,416,72350.0,1.0,-1
2017,9,4,417,73815.0,-1.0,1
2017,9,5,418,73470.0,1.0,-1
2017,9,7,419,74170.0,1.0,0
2017,9,10,420,74365.0,1.0,-1
2017,9,11,421,74710.0,1.0,-1
2017,9,12,422,75095.0,-1.0,-1
2017,9,13,423,75095.0,-1.0,-1
2017,9,14,424,75245.0,-1.0,-1
2017,9,17,425,76310.0,-1.0,-1
2017,9,18,426,76510.0,1.0,0
2017,9,19,427,76625.0,1.0,1
2017,9,20,428,76605.0,1.0,0
2017,9,21,429,75875.0,1.0,-1
2017,9,24,430,75525.0,1.0,-1
2017,9,25,431,74975.0,1.0,-1
2017,9,26,432,74835.0,-1.0,1
2017,9,27,433,73975.0,1.0,-1
2017,9,28,434,74320.0,-1.0,-1
2017,10,1,435,74470.0,-1.0,-1
2017,10,2,436,74835.0,-1.0,-1
2017,10,3,437,76965.0,1.0,-1
2017,10,4,438,77475.0,1.0,-1
2017,10,5,439,76240.0,-1.0,0
2017,10,8,440,75970.0,-1.0,0
2017,10,9,441,76555.0,-1.0,-1
2017,10,10,442,76925.0,-1.0,0
2017,10,12,443,77350.0,1.0,0
2017,10,15,444,77190.0,1.0,0
2017,10,16,445,76735.0,-1.0,0
2017,10,17,446,77335.0,-1.0,-1
2017,10,18,447,76860.0,1.0,0
2017,10,19,448,77340.0,1.0,-1
2017,10,22,449,77125.0,1.0,0
2017,10,23,450,76455.0,-1.0,-1
2017,10,24,451,77375.0,-1.0,1
2017,10,25,452,77645.0,1.0,1
2017,10,26,453,76695.0,1.0,-1
2017,10,29,454,76265.0,-1.0,1
2017,10,30,455,75510.0,1.0,0
2017,11,0,456,75580.0,-1.0,1
2017,11,2,457,74545.0,-1.0,0
2017,11,5,458,74690.0,-1.0,0
2017,11,6,459,74480.0,1.0,1
2017,11,7,460,73235.0,-1.0,-1
2017,11,8,461,74720.0,-1.0,1
2017,11,9,462,73345.0,-1.0,1
2017,11,12,463,72470.0,1.0,-1
2017,11,13,464,73095.0,-1.0,1
2017,11,15,465,71460.0,1.0,-1
2017,11,16,466,72765.0,1.0,-1
2017,11,20,467,74385.0,-1.0,-1
2017,11,21,468,74920.0,1.0,-1
2017,11,22,469,74585.0,1.0,-1
2017,11,23,470,74605.0,-1.0,0
2017,11,26,471,73900.0,1.0,-1
2017,11,27,472,74685.0,1.0,-1
2017,11,28,473,74690.0,-1.0,1
2017,11,29,474,72390.0,1.0,-1
2017,12,0,475,71495.0,-1.0,-1
2017,12,3,476,72735.0,-1.0,-1
2017,12,4,477,73120.0,-1.0,-1
2017,12,5,478,72275.0,-1.0,-1
2017,12,6,479,72225.0,1.0,-1
2017,12,7,480,73215.0,1.0,-1
2017,12,10,481,73255.0,1.0,0
2017,12,11,482,72460.0,1.0,-1
2017,12,12,483,75425.0,-1.0,1
2017,12,13,484,73095.0,1.0,-1
2017,12,14,485,72960.0,-1.0,-1
2017,12,17,486,73730.0,-1.0,-1
2017,12,18,487,73575.0,-1.0,0
2017,12,19,488,73530.0,-1.0,-1
2017,12,20,489,74240.0,1.0,-1
2017,12,21,490,75460.0,1.0,-1
2017,12,25,491,75775.0,1.0,-1
2017,12,26,492,76570.0,1.0,-1
2017,12,27,493,76835.0,1.0,0
2018,1,1,494,77315.0,-1.0,-1
2018,1,2,495,78150.0,-1.0,-1
2018,1,3,496,78875.0,-1.0,-1
2018,1,4,497,79255.0,1.0,-1
2018,1,7,498,79410.0,-1.0,-1
2018,1,8,499,79730.0,-1.0,0
2018,1,9,500,78660.0,-1.0,-1
2018,1,10,501,78800.0,-1.0,-1
2018,1,11,502,79615.0,-1.0,-1
2018,1,14,503,79995.0,-1.0,-1
2018,1,15,504,80285.0,1.0,-1
2018,1,16,505,80270.0,-1.0,-1
2018,1,17,506,81475.0,1.0,0
2018,1,18,507,81640.0,-1.0,0
2018,1,21,508,81645.0,-1.0,0
2018,1,22,509,81705.0,-1.0,0
2018,1,23,510,81610.0,1.0,-1
2018,1,25,511,84755.0,1.0,-1
2018,1,28,512,85085.0,1.0,-1
2018,1,29,513,84375.0,-1.0,-1
2018,1,30,514,85665.0,-1.0,-1
2018,2,0,515,85080.0,1.0,-1
2018,2,1,516,84460.0,-1.0,-1
2018,2,4,517,83490.0,-1.0,-1
2018,2,5,518,80835.0,1.0,-1
2018,2,6,519,84125.0,-1.0,-1
2018,2,7,520,83100.0,-1.0,-1
2018,2,8,521,81210.0,1.0,-1
2018,2,14,522,85190.0,1.0,-1
2018,2,15,523,85220.0,1.0,-1
2018,2,18,524,85635.0,-1.0,0
2018,2,19,525,85260.0,-1.0,-1
2018,2,20,526,86915.0,-1.0,-1
2018,2,21,527,87135.0,-1.0,-1
2018,2,22,528,87975.0,-1.0,1
2018,2,25,529,88820.0,1.0,-1
2018,2,26,530,88200.0,1.0,-1
2018,2,27,531,87575.0,-1.0,-1
2018,3,0,532,86260.0,1.0,-1
2018,3,1,533,85370.0,1.0,-1
2018,3,4,534,86125.0,1.0,-1
2018,3,5,535,87500.0,-1.0,0
2018,3,6,536,86000.0,-1.0,-1
2018,3,7,537,86325.0,-1.0,1
2018,3,8,538,85750.0,-1.0,-1
2018,3,11,539,87375.0,-1.0,-1
2018,3,12,540,87875.0,-1.0,1
2018,3,13,541,87315.0,1.0,-1
2018,3,14,542,86125.0,-1.0,-1
2018,3,15,543,85705.0,-1.0,-1
2018,3,18,544,84495.0,-1.0,-1
2018,3,19,545,84700.0,1.0,0
2018,3,20,546,84730.0,-1.0,-1
2018,3,21,547,85370.0,-1.0,-1
2018,3,22,548,84390.0,1.0,-1
2018,3,25,549,85780.0,-1.0,1
2018,3,26,550,85645.0,-1.0,1
2018,3,27,551,83480.0,1.0,-1
2018,3,28,552,84370.0,1.0,-1
2018,4,1,553,85475.0,-1.0,-1
2018,4,2,554,85490.0,-1.0,1
2018,4,3,555,83360.0,1.0,-1
2018,4,4,556,86245.0,1.0,1
2018,4,5,557,85105.0,-1.0,1
2018,4,8,558,85130.0,1.0,1
2018,4,9,559,84035.0,-1.0,-1
2018,4,10,560,84505.0,1.0,-1
2018,4,11,561,85505.0,1.0,0
2018,4,12,562,85125.0,1.0,1
2018,4,15,563,84340.0,-1.0,-1
2018,4,16,564,82825.0,1.0,-1
2018,4,17,565,85540.0,1.0,-1
2018,4,18,566,86300.0,1.0,-1
2018,4,19,567,86005.0,1.0,-1
2018,4,22,568,85940.0,1.0,-1
2018,4,23,569,86630.0,-1.0,-1
2018,4,24,570,85185.0,-1.0,-1
2018,4,25,571,86080.0,1.0,-1
2018,4,26,572,87645.0,-1.0,0
2018,4,29,573,87200.0,-1.0,0
2018,5,1,574,85800.0,-1.0,0
2018,5,2,575,84685.0,-1.0,-1
2018,5,3,576,83415.0,-1.0,-1
2018,5,6,577,83655.0,-1.0,-1
2018,5,7,578,83115.0,-1.0,-1
2018,5,8,579,83835.0,1.0,-1
2018,5,9,580,85245.0,-1.0,-1
2018,5,10,581,86380.0,1.0,-1
2018,5,13,582,86075.0,-1.0,-1
2018,5,14,583,84645.0,-1.0,-1
2018,5,15,584,85320.0,1.0,-1
2018,5,16,585,86195.0,-1.0,1
2018,5,17,586,82490.0,1.0,-1
2018,5,20,587,84080.0,1.0,1
2018,5,21,588,82595.0,1.0,-1
2018,5,22,589,81890.0,1.0,-1
2018,5,23,590,79540.0,1.0,-1
2018,5,24,591,80745.0,-1.0,1
2018,5,27,592,77980.0,-1.0,1
2018,5,28,593,76740.0,-1.0,-1
2018,5,29,594,75865.0,1.0,-1
2018,6,0,595,77475.0,-1.0,-1
2018,6,3,596,78275.0,1.0,-1
2018,6,4,597,78110.0,-1.0,-1
2018,6,5,598,76035.0,-1.0,-1
2018,6,6,599,74710.0,1.0,-1
2018,6,7,600,73745.0,-1.0,-1
2018,6,10,601,73300.0,1.0,-1
2018,6,11,602,71980.0,-1.0,-1
2018,6,12,603,73645.0,1.0,1
2018,6,13,604,73060.0,-1.0,-1
2018,6,14,605,71585.0,-1.0,-1
2018,6,17,606,70440.0,1.0,-1
2018,6,18,607,69745.0,1.0,-1
2018,6,19,608,72780.0,1.0,-1
2018,6,20,609,72390.0,1.0,-1
2018,6,21,610,71020.0,1.0,-1
2018,6,24,611,71375.0,-1.0,-1
2018,6,25,612,71870.0,1.0,-1
2018,6,26,613,71780.0,-1.0,-1
2018,6,27,614,70735.0,1.0,-1
2018,6,28,615,72860.0,1.0,-1
2018,7,1,616,72500.0,-1.0,-1
2018,7,2,617,74025.0,-1.0,-1
2018,7,3,618,74290.0,-1.0,-1
2018,7,4,619,75460.0,1.0,1
2018,7,5,620,74850.0,1.0,-1
2018,7,9,621,76150.0,-1.0,1
2018,7,10,622,74515.0,1.0,-1
2018,7,11,623,75220.0,1.0,-1
2018,7,12,624,76270.0,1.0,-1
2018,7,15,625,76880.0,1.0,-1
2018,7,16,626,76820.0,1.0,-1
2018,7,17,627,78385.0,-1.0,-1
2018,7,18,628,76645.0,1.0,-1
2018,7,19,629,79780.0,1.0,1
2018,7,22,630,78555.0,-1.0,-1
2018,7,23,631,79455.0,-1.0,-1
2018,7,24,632,79655.0,-1.0,-1
2018,7,25,633,80535.0,1.0,1
2018,7,26,634,80065.0,1.0,-1
2018,7,29,635,80370.0,-1.0,-1
2018,7,30,636,79925.0,-1.0,0
2018,8,0,637,78925.0,1.0,-1
2018,8,1,638,78885.0,1.0,-1
2018,8,2,639,80490.0,1.0,-1
2018,8,5,640,81840.0,-1.0,0
2018,8,6,641,81635.0,-1.0,-1
2018,8,7,642,80475.0,-1.0,-1
2018,8,8,643,79220.0,-1.0,-1
2018,8,9,644,78050.0,1.0,1
2018,8,12,645,75995.0,1.0,-1
2018,8,13,646,78425.0,-1.0,-1
2018,8,14,647,78185.0,1.0,-1
2018,8,15,648,78135.0,-1.0,1
2018,8,16,649,76615.0,1.0,-1
2018,8,19,650,76520.0,1.0,-1
2018,8,20,651,76630.0,1.0,-1
2018,8,21,652,75105.0,1.0,-1
2018,8,22,653,77340.0,-1.0,-1
2018,8,23,654,76975.0,1.0,-1
2018,8,26,655,77175.0,1.0,-1
2018,8,27,656,78135.0,1.0,-1
2018,8,28,657,78205.0,-1.0,-1
2018,8,29,658,78610.0,1.0,1
2018,8,30,659,76675.0,-1.0,-1
2018,9,2,660,76315.0,-1.0,-1
2018,9,3,661,76260.0,1.0,1
2018,9,4,662,74610.0,1.0,-1
2018,9,5,663,76020.0,-1.0,-1
2018,9,9,664,77575.0,1.0,1
2018,9,10,665,75515.0,-1.0,0
2018,9,11,666,75585.0,-1.0,-1
2018,9,12,667,75705.0,1.0,0
2018,9,13,668,74885.0,1.0,-1
2018,9,16,669,75450.0,-1.0,-1
2018,9,17,670,77255.0,1.0,-1
2018,9,18,671,77920.0,-1.0,-1
2018,9,19,672,79055.0,-1.0,1
2018,9,20,673,79070.0,-1.0,-1
2018,9,23,674,79295.0,-1.0,-1
2018,9,24,675,77225.0,-1.0,-1
2018,9,25,676,78975.0,-1.0,-1
2018,9,26,677,78945.0,-1.0,-1
2018,9,27,678,79150.0,-1.0,-1
2018,10,0,679,79360.0,1.0,-1
2018,10,1,680,80595.0,-1.0,-1
2018,10,2,681,85230.0,1.0,-1
2018,10,3,682,83225.0,-1.0,1
2018,10,4,683,84385.0,-1.0,1
2018,10,7,684,87880.0,1.0,1
2018,10,8,685,86615.0,-1.0,1
2018,10,9,686,85320.0,-1.0,1
2018,10,10,687,84755.0,1.0,1
2018,10,14,688,84360.0,1.0,1
2018,10,15,689,84225.0,1.0,-1
2018,10,16,690,85860.0,1.0,-1
2018,10,17,691,86125.0,1.0,1
2018,10,18,692,85405.0,-1.0,-1
2018,10,21,693,85700.0,-1.0,-1
2018,10,22,694,85010.0,1.0,-1
2018,10,23,695,86210.0,-1.0,-1
2018,10,24,696,84370.0,-1.0,-1
2018,10,25,697,85175.0,-1.0,1
2018,10,28,698,89345.0,1.0,1
2018,10,29,699,85270.0,-1.0,-1
2018,10,30,700,88490.0,-1.0,1
2018,11,0,701,88390.0,-1.0,-1
2018,11,4,702,89275.0,1.0,-1
2018,11,5,703,89005.0,1.0,-1
2018,11,6,704,90035.0,1.0,1
2018,11,7,705,88865.0,-1.0,-1
2018,11,8,706,85855.0,-1.0,-1
2018,11,11,707,86270.0,-1.0,-1
2018,11,12,708,86125.0,1.0,-1
2018,11,13,709,85145.0,1.0,-1
2018,11,15,710,86970.0,1.0,-1
2018,11,18,711,88440.0,-1.0,1
2018,11,20,712,86875.0,1.0,-1
2018,11,21,713,87520.0,-1.0,-1
2018,11,22,714,87400.0,-1.0,1
2018,11,25,715,87035.0,1.0,-1
2018,11,26,716,86100.0,-1.0,-1
2018,11,27,717,88050.0,-1.0,-1
2018,11,28,718,88585.0,1.0,-1
2018,11,29,719,89635.0,1.0,-1
2018,12,2,720,91515.0,1.0,1
2018,12,3,721,90190.0,-1.0,-1
2018,12,4,722,89110.0,1.0,0
2018,12,5,723,87890.0,1.0,-1
2018,12,6,724,88690.0,-1.0,-1
2018,12,9,725,87700.0,-1.0,-1
2018,12,10,726,87085.0,1.0,-1
2018,12,11,727,88020.0,-1.0,-1
2018,12,12,728,87990.0,-1.0,-1
2018,12,13,729,88035.0,-1.0,-1
2018,12,16,730,88205.0,-1.0,-1
2018,12,17,731,87505.0,-1.0,-1
2018,12,18,732,88070.0,1.0,-1
2018,12,19,733,86920.0,1.0,-1
2018,12,20,734,86120.0,1.0,-1
2018,12,25,735,85350.0,1.0,-1
2018,12,26,736,85390.0,1.0,-1
2018,12,27,737,87025.0,1.0,-1
2019,1,1,738,87915.0,1.0,-1
2019,1,2,739,91095.0,-1.0,-1
2019,1,3,740,92095.0,-1.0,-1
2019,1,6,741,92400.0,-1.0,-1
2019,1,7,742,92690.0,1.0,1
2019,1,8,743,93205.0,-1.0,-1
2019,1,9,744,93695.0,-1.0,-1
2019,1,10,745,94260.0,-1.0,0
2019,1,13,746,93935.0,-1.0,-1
2019,1,14,747,94830.0,-1.0,-1
2019,1,15,748,94490.0,1.0,-1
2019,1,16,749,94615.0,-1.0,-1
2019,1,17,750,96055.0,-1.0,-1
2019,1,20,751,95995.0,-1.0,-1
2019,1,21,752,95930.0,-1.0,-1
2019,1,22,753,95810.0,-1.0,-1
2019,1,23,754,96765.0,1.0,-1
2019,1,27,755,96210.0,-1.0,1
2019,1,28,756,96490.0,-1.0,-1
2019,1,29,757,96965.0,-1.0,-1
2019,1,30,758,97890.0,1.0,-1
2019,2,0,759,97515.0,1.0,-1
2019,2,3,760,97565.0,1.0,-1
2019,2,4,761,98315.0,1.0,-1
2019,2,5,762,97295.0,-1.0,1
2019,2,6,763,95120.0,-1.0,-1
2019,2,7,764,93965.0,1.0,-1
2019,2,10,765,95850.0,-1.0,1
2019,2,11,766,95550.0,-1.0,-1
2019,2,12,767,97715.0,-1.0,1
2019,2,13,768,97075.0,-1.0,1
2019,2,14,769,98775.0,-1.0,-1
2019,2,17,770,97855.0,-1.0,0
2019,2,18,771,97810.0,-1.0,-1
2019,2,19,772,98845.0,1.0,-1
2019,2,20,773,97635.0,1.0,-1
2019,2,21,774,98315.0,-1.0,-1
2019,2,24,775,98940.0,-1.0,1
2019,2,25,776,97895.0,1.0,-1
2019,2,26,777,98360.0,-1.0,0
2019,2,27,778,98215.0,-1.0,1
2019,3,0,779,96455.0,1.0,-1
2019,3,6,780,94625.0,-1.0,-1
2019,3,7,781,94465.0,1.0,-1
2019,3,10,782,96270.0,1.0,-1
2019,3,11,783,98820.0,1.0,0
2019,3,12,784,98180.0,1.0,-1
2019,3,13,785,99460.0,1.0,1
2019,3,14,786,99005.0,-1.0,-1
2019,3,17,787,99845.0,-1.0,-1
2019,3,18,788,100685.0,-1.0,0
2019,3,19,789,99645.0,-1.0,-1
2019,3,20,790,98135.0,-1.0,1
2019,3,21,791,95080.0,-1.0,-1
2019,3,24,792,93205.0,1.0,-1
2019,3,25,793,94725.0,-1.0,-1
2019,3,26,794,94340.0,1.0,1
2019,3,27,795,91885.0,-1.0,-1
2019,3,28,796,95830.0,1.0,-1
2019,4,0,797,96580.0,-1.0,-1
2019,4,1,798,96710.0,1.0,1
2019,4,2,799,96525.0,-1.0,1
2019,4,3,800,95210.0,-1.0,-1
2019,4,4,801,96845.0,1.0,-1
2019,4,7,802,97460.0,1.0,-1
2019,4,8,803,96940.0,1.0,1
2019,4,9,804,96965.0,-1.0,1
2019,4,10,805,95800.0,1.0,1
2019,4,11,806,93370.0,1.0,-1
2019,4,14,807,93745.0,-1.0,1
2019,4,15,808,92975.0,-1.0,-1
2019,4,16,809,95580.0,-1.0,1
2019,4,17,810,94765.0,1.0,-1
2019,4,21,811,95010.0,1.0,-1
2019,4,22,812,95860.0,-1.0,-1
2019,4,23,813,96625.0,1.0,1
2019,4,24,814,95430.0,1.0,-1
2019,4,25,815,97210.0,1.0,0
2019,4,28,816,97525.0,1.0,-1
2019,4,29,817,97130.0,-1.0,-1
2019,5,1,818,96305.0,-1.0,-1
2019,5,2,819,96635.0,-1.0,-1
2019,5,5,820,95390.0,1.0,-1
2019,5,6,821,94980.0,1.0,1
2019,5,7,822,95530.0,-1.0,-1
2019,5,8,823,95370.0,1.0,1
2019,5,9,824,94935.0,1.0,-1
2019,5,12,825,92685.0,-1.0,-1
2019,5,13,826,92725.0,1.0,0
2019,5,14,827,91110.0,-1.0,-1
2019,5,15,828,91505.0,1.0,1
2019,5,16,829,89880.0,1.0,-1
2019,5,19,830,90465.0,1.0,-1
2019,5,20,831,92765.0,1.0,-1
2019,5,21,832,95115.0,-1.0,-1
2019,5,22,833,94050.0,1.0,-1
2019,5,23,834,95120.0,-1.0,1
2019,5,26,835,94565.0,-1.0,-1
2019,5,27,836,95295.0,1.0,-1
2019,5,28,837,95980.0,1.0,-1
2019,5,29,838,96780.0,-1.0,-1
2019,5,30,839,97160.0,1.0,-1
2019,6,2,840,97515.0,1.0,-1
2019,6,3,841,97750.0,1.0,1
2019,6,4,842,97685.0,1.0,1
2019,6,5,843,97015.0,-1.0,-1
2019,6,6,844,97700.0,1.0,-1
2019,6,9,845,97445.0,1.0,-1
2019,6,10,846,98180.0,-1.0,-1
2019,6,11,847,99915.0,1.0,-1
2019,6,12,848,99980.0,-1.0,-1
2019,6,13,849,99600.0,1.0,-1
2019,6,16,850,98850.0,-1.0,-1
2019,6,17,851,99485.0,1.0,-1
2019,6,18,852,100265.0,-1.0,-1
2019,6,20,853,102095.0,1.0,-1
2019,6,23,854,103090.0,1.0,-1
2019,6,24,855,102515.0,-1.0,-1
2019,6,25,856,101375.0,1.0,-1
2019,6,26,857,100800.0,1.0,-1
2019,6,27,858,102265.0,1.0,0
2019,7,0,859,102930.0,1.0,-1
2019,7,1,860,102170.0,-1.0,1
2019,7,2,861,100935.0,-1.0,-1
2019,7,3,862,103705.0,-1.0,-1
2019,7,4,863,103795.0,-1.0,-1
2019,7,7,864,105020.0,-1.0,-1
2019,7,9,865,106095.0,1.0,-1
2019,7,10,866,106375.0,-1.0,1
2019,7,11,867,106135.0,-1.0,1
2019,7,14,868,105145.0,-1.0,1
2019,7,15,869,104580.0,-1.0,-1
2019,7,16,870,104590.0,-1.0,-1
2019,7,17,871,104485.0,-1.0,-1
2019,7,18,872,105095.0,1.0,1
2019,7,21,873,104160.0,-1.0,-1
2019,7,22,874,104825.0,1.0,1
2019,7,23,875,104205.0,1.0,-1
2019,7,24,876,104690.0,1.0,1
2019,7,25,877,103380.0,-1.0,-1
2019,7,28,878,103095.0,-1.0,-1
2019,7,29,879,103370.0,-1.0,-1
2019,7,30,880,103610.0,-1.0,1
2019,8,0,881,102565.0,-1.0,-1
2019,8,1,882,102350.0,-1.0,-1
2019,8,4,883,100890.0,-1.0,-1
2019,8,5,884,101085.0,1.0,-1
2019,8,6,885,101350.0,-1.0,-1
2019,8,7,886,103690.0,-1.0,-1
2019,8,8,887,104115.0,1.0,-1
2019,8,11,888,102385.0,1.0,0
2019,8,12,889,101560.0,-1.0,-1
2019,8,13,890,103040.0,-1.0,1
2019,8,14,891,101835.0,-1.0,1
2019,8,15,892,101030.0,-1.0,-1
2019,8,18,893,101700.0,1.0,1
2019,8,19,894,100520.0,-1.0,1
2019,8,20,895,100925.0,1.0,-1
2019,8,21,896,102275.0,1.0,1
2019,8,22,897,99885.0,-1.0,-1
2019,8,25,898,99145.0,-1.0,1
2019,8,26,899,97630.0,-1.0,-1
2019,8,27,900,97100.0,-1.0,-1
2019,8,28,901,99540.0,1.0,-1
2019,8,29,902,101885.0,1.0,-1
2019,9,1,903,101785.0,1.0,-1
2019,9,2,904,100980.0,-1.0,-1
2019,9,3,905,101540.0,1.0,0
2019,9,4,906,102650.0,1.0,-1
2019,9,5,907,103275.0,1.0,-1
2019,9,8,908,103885.0,1.0,-1
2019,9,9,909,103805.0,-1.0,1
2019,9,10,910,104230.0,1.0,-1
2019,9,11,911,104875.0,1.0,-1
2019,9,12,912,105090.0,-1.0,1
2019,9,15,913,104165.0,-1.0,1
2019,9,16,914,103515.0,1.0,-1
2019,9,17,915,104885.0,1.0,0
2019,9,18,916,105800.0,1.0,-1
2019,9,19,917,105150.0,-1.0,-1
2019,9,22,918,104600.0,-1.0,-1
2019,9,23,919,105130.0,-1.0,1
2019,9,24,920,103805.0,-1.0,-1
2019,9,25,921,104910.0,1.0,-1
2019,9,26,922,105530.0,-1.0,-1
2019,9,29,923,105445.0,-1.0,0
2019,10,0,924,105230.0,1.0,1
2019,10,1,925,103155.0,-1.0,1
2019,10,2,926,101190.0,1.0,1
2019,10,3,927,101865.0,-1.0,-1
2019,10,6,928,102130.0,-1.0,-1
2019,10,7,929,100770.0,-1.0,-1
2019,10,8,930,100795.0,-1.0,-1
2019,10,9,931,101425.0,1.0,-1
2019,10,10,932,102985.0,-1.0,-1
2019,10,13,933,103610.0,1.0,-1
2019,10,14,934,104230.0,-1.0,-1
2019,10,15,935,105085.0,1.0,-1
2019,10,16,936,106285.0,1.0,-1
2019,10,17,937,106015.0,-1.0,-1
2019,10,20,938,105740.0,-1.0,-1
2019,10,21,939,106715.0,1.0,-1
2019,10,22,940,107935.0,1.0,-1
2019,10,23,941,108525.0,1.0,1
2019,10,24,942,108050.0,-1.0,-1
2019,10,27,943,108170.0,-1.0,-1
2019,10,28,944,108520.0,1.0,0
2019,10,29,945,108015.0,-1.0,-1
2019,10,30,946,108380.0,1.0,1
2019,11,0,947,108480.0,-1.0,-1
2019,11,3,948,109400.0,1.0,-1
2019,11,4,949,109575.0,-1.0,-1
2019,11,5,950,109400.0,1.0,-1
2019,11,6,951,109430.0,-1.0,-1
2019,11,7,952,109090.0,-1.0,-1
2019,11,10,953,107255.0,1.0,-1
2019,11,11,954,108395.0,1.0,1
2019,11,12,955,106440.0,-1.0,-1
2019,11,13,956,106580.0,-1.0,-1
2019,11,17,957,108145.0,1.0,1
2019,11,18,958,107185.0,-1.0,1
2019,11,20,959,106205.0,1.0,-1
2019,11,21,960,107890.0,1.0,-1
2019,11,24,961,109075.0,1.0,0
2019,11,25,962,108220.0,-1.0,1
2019,11,26,963,107645.0,-1.0,1
2019,11,27,964,107600.0,1.0,-1
2019,11,28,965,108620.0,1.0,-1
2019,12,1,966,108850.0,1.0,-1
2019,12,2,967,109450.0,-1.0,1
2019,12,3,968,109475.0,1.0,-1
2019,12,4,969,110350.0,1.0,-1
2019,12,5,970,111035.0,1.0,-1
2019,12,8,971,111370.0,-1.0,0
2019,12,9,972,110840.0,-1.0,-1
2019,12,10,973,111095.0,-1.0,0
2019,12,11,974,111635.0,1.0,-1
2019,12,12,975,112760.0,1.0,0
2019,12,15,976,113150.0,-1.0,0
2019,12,16,977,112310.0,1.0,-1
2019,12,17,978,113235.0,1.0,-1
2019,12,18,979,114625.0,-1.0,-1
2019,12,19,980,115825.0,1.0,0
2019,12,22,981,115695.0,1.0,0
2019,12,25,982,116470.0,-1.0,-1
2019,12,26,983,118425.0,1.0,1
2019,12,29,984,117235.0,1.0,-1
